<?xml version="1.0" encoding="UTF-8" standalone="yes"?>
<!--  The below items must be added to the BaseDataRecommendationReason Enum class -->
<ns2:cdsListSpecificationFile xmlns:ns2="org.cdsframework.util.support.data.cds.list">
    <listId>E1f3R05bc0568822e2608f22be9d1bac9c</listId>
    <code>RECOMMENDATION_REASON_CONCEPT</code>
    <name>ICE Recommendation Reasons: All</name>
    <listType>CODE_SYSTEM</listType>
    <description>Recommendation Reasons</description>
    <codeSystem>2.16.840.1.113883.3.795.12.100.6</codeSystem>
    <codeSystemName>ICE Recommendation Reasons</codeSystemName>
   <cdsListItem>
        <cdsListItemKey>BOOSTER_DOSE</cdsListItemKey>
        <cdsListItemValue>Booster dose.</cdsListItemValue>
   </cdsListItem>
   <cdsListItem>
        <cdsListItemKey>DUE_NOW</cdsListItemKey>
        <cdsListItemValue>Due now.</cdsListItemValue>
   </cdsListItem>
   <cdsListItem>
        <cdsListItemKey>DUE_IN_FUTURE</cdsListItemKey>
        <cdsListItemValue>Due in the future.</cdsListItemValue>
   </cdsListItem>
   <cdsListItem>
        <cdsListItemKey>COMPLETE</cdsListItemKey>
        <cdsListItemValue>Completed vaccine series.</cdsListItemValue>
   </cdsListItem>
   <cdsListItem>
        <cdsListItemKey>HIGH_RISK</cdsListItemKey>
        <cdsListItemValue>Recommended for high-risk groups.</cdsListItemValue>
   </cdsListItem>
   <cdsListItem>
        <cdsListItemKey>NOT_SPECIFIED</cdsListItemKey>
        <cdsListItemValue>Recommendation reason is not specified.</cdsListItemValue>
   </cdsListItem>
   <cdsListItem>
        <cdsListItemKey>NOT_SUPPORTED</cdsListItemKey>
        <cdsListItemValue>The shots in the recommendation group were not evaluated.</cdsListItemValue>
   </cdsListItem>
   <cdsListItem>
        <cdsListItemKey>SUPPLEMENTAL_TEXT</cdsListItemKey>
        <cdsListItemValue>Supplemental text is available for this recommendation.</cdsListItemValue>
   </cdsListItem>
   <cdsVersion>org.cdsframework^ICE^1.0.0</cdsVersion>
</ns2:cdsListSpecificationFile>