<?xml version="1.0" encoding="UTF-8" standalone="yes"?>
<ns2:iceSeriesSpecificationFile xmlns:ns2="org.cdsframework.util.support.data.ice.series">
    <ns2:seriesId>QsE4arGecqfLBS36jtlJgW2KH0YrW0rjG29cw5Jn47bygF9G58EvJnupw1TKgRdj</ns2:seriesId>
    <ns2:name>COVID-19 September 2023 Series (>=5 years)</ns2:name>
    <ns2:code>COVID19Sep2023gte5Series</ns2:code>
    <ns2:cdsVersion>gov.nyc.cir^ICE^1.0.0</ns2:cdsVersion>
	<ns2:recurringDosesAfterSeriesComplete>no</ns2:recurringDosesAfterSeriesComplete>
    <ns2:numberOfDosesInSeries>1</ns2:numberOfDosesInSeries>
    <ns2:vaccineGroup code="850" codeSystem="2.16.840.1.113883.3.795.12.100.1" codeSystemName="ICE Vaccine Group" displayName="COVID-19"/>
    <ns2:iceSeriesDose>
        <ns2:doseNumber>1</ns2:doseNumber>
		<ns2:absoluteMinimumAge>5y</ns2:absoluteMinimumAge>
		<ns2:earliestRecommendedAge>5y</ns2:earliestRecommendedAge>
		<ns2:doseVaccine>
        	<ns2:preferred>true</ns2:preferred>
            <ns2:vaccine code="213" codeSystem="2.16.840.1.113883.12.292" codeSystemName="CVX" displayName="SARS-COV-2 (COVID-19) vaccine, UNSPECIFIED"/>
            <ns2:allowableMinimumAgeOfUse>6m-4d</ns2:allowableMinimumAgeOfUse>
        </ns2:doseVaccine>
        <ns2:doseVaccine>
        	<ns2:preferred>true</ns2:preferred>
            <ns2:vaccine code="308" codeSystem="2.16.840.1.113883.12.292" codeSystemName="CVX" displayName="COVID-19, XBB.1.5, mRNA, LNP-S, PF, tris-sucrose, 6 mos-4 yrs, Pfizer"/>
        </ns2:doseVaccine>
        <ns2:doseVaccine>
        	<ns2:preferred>true</ns2:preferred>
            <ns2:vaccine code="309" codeSystem="2.16.840.1.113883.12.292" codeSystemName="CVX" displayName="COVID-19, XBB.1.5, mRNA, LNP-S, PF, tris-sucrose, 12+ yrs, Pfizer"/>
        </ns2:doseVaccine>
        <ns2:doseVaccine>
        	<ns2:preferred>true</ns2:preferred>
            <ns2:vaccine code="310" codeSystem="2.16.840.1.113883.12.292" codeSystemName="CVX" displayName="COVID-19, XBB.1.5, mRNA, LNP-S, PF, tris-sucrose, 5-11 yrs, Pfizer"/>
        </ns2:doseVaccine>
        <ns2:doseVaccine>
        	<ns2:preferred>false</ns2:preferred>
            <ns2:vaccine code="311" codeSystem="2.16.840.1.113883.12.292" codeSystemName="CVX" displayName="COVID-19, XBB.1.5, mRNA, LNP-S, PF, 6 mos-11 yrs, Moderna"/>
        </ns2:doseVaccine>        
        <ns2:doseVaccine>
        	<ns2:preferred>true</ns2:preferred>
            <ns2:vaccine code="312" codeSystem="2.16.840.1.113883.12.292" codeSystemName="CVX" displayName="COVID-19, XBB.1.5, mRNA, LNP-S, PF, 12+ yrs, Moderna"/>
        </ns2:doseVaccine>
        <ns2:doseVaccine>
        	<ns2:preferred>true</ns2:preferred>
            <ns2:vaccine code="313" codeSystem="2.16.840.1.113883.12.292" codeSystemName="CVX" displayName="COVID-19, XBB.1.5, subunit, rS-nanoparticle, adjuvanted, PF, 12+ yrs, Novavax"/>
        </ns2:doseVaccine>
      <ns2:doseVaccine>
        <ns2:preferred>false</ns2:preferred>
        <ns2:vaccine code="211" codeSystem="2.16.840.1.113883.12.292" codeSystemName="CVX" displayName="Novavax COVID-19 Vaccine"/>
      </ns2:doseVaccine>
    </ns2:iceSeriesDose>
    <ns2:seasonCode>COVID19Sep2023Season</ns2:seasonCode>
</ns2:iceSeriesSpecificationFile>
