<?xml version="1.0" encoding="UTF-8" standalone="yes"?>
<ns2:iceSeriesSpecificationFile xmlns:ns2="org.cdsframework.util.support.data.ice.series">
    <ns2:seriesId>4xWdvcBDYLVAwpoyqcn4h8fWbRbIEsdz7db0FPe2Q0W1aC1g5ZlU70XMaQHpG353</ns2:seriesId>
    <ns2:name>COVID-19 September 2023 Pfizer LT 5y Series</ns2:name>
    <ns2:code>COVID19Sep2023PfizerLT5ySeries</ns2:code>
    <ns2:cdsVersion>gov.nyc.cir^ICE^1.0.0</ns2:cdsVersion>
	<ns2:recurringDosesAfterSeriesComplete>false</ns2:recurringDosesAfterSeriesComplete>
    <ns2:doseInterval>
        <ns2:fromDoseNumber>1</ns2:fromDoseNumber>
        <ns2:toDoseNumber>2</ns2:toDoseNumber>
        <ns2:absoluteMinimumInterval>17d</ns2:absoluteMinimumInterval>
        <ns2:minimumInterval>21d</ns2:minimumInterval>
        <ns2:earliestRecommendedInterval>21d</ns2:earliestRecommendedInterval>
        <ns2:latestRecommendedInterval>8w</ns2:latestRecommendedInterval>
    </ns2:doseInterval>
    <ns2:doseInterval>
        <ns2:fromDoseNumber>2</ns2:fromDoseNumber>
        <ns2:toDoseNumber>3</ns2:toDoseNumber>
        <ns2:absoluteMinimumInterval>8w-4d</ns2:absoluteMinimumInterval>
        <ns2:minimumInterval>8w</ns2:minimumInterval>
        <ns2:earliestRecommendedInterval>8w</ns2:earliestRecommendedInterval>
    </ns2:doseInterval>
    <ns2:numberOfDosesInSeries>3</ns2:numberOfDosesInSeries>
    <ns2:vaccineGroup code="850" codeSystem="2.16.840.1.113883.3.795.12.100.1" codeSystemName="ICE Vaccine Group" displayName="COVID-19"/>
    <ns2:iceSeriesDose>
        <ns2:doseNumber>1</ns2:doseNumber>
		<ns2:absoluteMinimumAge>6m-4d</ns2:absoluteMinimumAge>
		<ns2:earliestRecommendedAge>6m</ns2:earliestRecommendedAge>
		<ns2:absoluteMaximumAge>5y-1d</ns2:absoluteMaximumAge>
        <ns2:doseVaccine>
        	<ns2:preferred>true</ns2:preferred>
            <ns2:vaccine code="308" codeSystem="2.16.840.1.113883.12.292" codeSystemName="CVX" displayName="COVID-19, XBB.1.5, mRNA, LNP-S, PF, tris-sucrose, 6 mos-4 yrs, Pfizer"/>
        </ns2:doseVaccine>
        <ns2:doseVaccine>
        	<ns2:preferred>true</ns2:preferred>
            <ns2:vaccine code="309" codeSystem="2.16.840.1.113883.12.292" codeSystemName="CVX" displayName="COVID-19, XBB.1.5, mRNA, LNP-S, PF, tris-sucrose, 12+ yrs, Pfizer"/>
        </ns2:doseVaccine>
        <ns2:doseVaccine>
        	<ns2:preferred>true</ns2:preferred>
            <ns2:vaccine code="310" codeSystem="2.16.840.1.113883.12.292" codeSystemName="CVX" displayName="COVID-19, XBB.1.5, mRNA, LNP-S, PF, tris-sucrose, 5-11 yrs, Pfizer"/>
        </ns2:doseVaccine>
    </ns2:iceSeriesDose>
    <ns2:iceSeriesDose>
        <ns2:doseNumber>2</ns2:doseNumber>
		<ns2:absoluteMinimumAge>6m-4d</ns2:absoluteMinimumAge>
        <ns2:minimumAge>6m</ns2:minimumAge>
        <ns2:earliestRecommendedAge>6m</ns2:earliestRecommendedAge>
        <ns2:doseVaccine>
        	<ns2:preferred>true</ns2:preferred>
            <ns2:vaccine code="308" codeSystem="2.16.840.1.113883.12.292" codeSystemName="CVX" displayName="COVID-19, XBB.1.5, mRNA, LNP-S, PF, tris-sucrose, 6 mos-4 yrs, Pfizer"/>
            <ns2:allowableMaximumAgeOfUse>-1d</ns2:allowableMaximumAgeOfUse>
        </ns2:doseVaccine>
        <ns2:doseVaccine>
        	<ns2:preferred>true</ns2:preferred>
            <ns2:vaccine code="309" codeSystem="2.16.840.1.113883.12.292" codeSystemName="CVX" displayName="COVID-19, XBB.1.5, mRNA, LNP-S, PF, tris-sucrose, 12+ yrs, Pfizer"/>
        </ns2:doseVaccine>
        <ns2:doseVaccine>
        	<ns2:preferred>true</ns2:preferred>
            <ns2:vaccine code="310" codeSystem="2.16.840.1.113883.12.292" codeSystemName="CVX" displayName="COVID-19, XBB.1.5, mRNA, LNP-S, PF, tris-sucrose, 5-11 yrs, Pfizer"/>
        </ns2:doseVaccine>
    </ns2:iceSeriesDose>
	<ns2:iceSeriesDose>
        <ns2:doseNumber>3</ns2:doseNumber>
		<ns2:absoluteMinimumAge>6m-4d</ns2:absoluteMinimumAge>
        <ns2:minimumAge>6m</ns2:minimumAge>
        <ns2:earliestRecommendedAge>6m</ns2:earliestRecommendedAge>
        <ns2:doseVaccine>
        	<ns2:preferred>true</ns2:preferred>
            <ns2:vaccine code="308" codeSystem="2.16.840.1.113883.12.292" codeSystemName="CVX" displayName="COVID-19, XBB.1.5, mRNA, LNP-S, PF, tris-sucrose, 6 mos-4 yrs, Pfizer"/>
            <ns2:allowableMaximumAgeOfUse>-1d</ns2:allowableMaximumAgeOfUse>
        </ns2:doseVaccine>
        <ns2:doseVaccine>
        	<ns2:preferred>true</ns2:preferred>
            <ns2:vaccine code="309" codeSystem="2.16.840.1.113883.12.292" codeSystemName="CVX" displayName="COVID-19, XBB.1.5, mRNA, LNP-S, PF, tris-sucrose, 12+ yrs, Pfizer"/>
        </ns2:doseVaccine>
        <ns2:doseVaccine>
        	<ns2:preferred>true</ns2:preferred>
            <ns2:vaccine code="310" codeSystem="2.16.840.1.113883.12.292" codeSystemName="CVX" displayName="COVID-19, XBB.1.5, mRNA, LNP-S, PF, tris-sucrose, 5-11 yrs, Pfizer"/>
        </ns2:doseVaccine>
    </ns2:iceSeriesDose>
	<ns2:seasonCode>COVID19Sep2023Season</ns2:seasonCode>
</ns2:iceSeriesSpecificationFile>
