<?xml version="1.0" encoding="UTF-8" standalone="yes"?>
<ns2:iceSeriesSpecificationFile xmlns:ns2="org.cdsframework.util.support.data.ice.series">
    <ns2:seriesId>a141e191cb89e0e97a5288ae59960bdc</ns2:seriesId>
    <ns2:name>H1N1 2-Dose Series</ns2:name>
    <ns2:code>H1N12DoseSeries</ns2:code>
    <ns2:cdsVersion>gov.nyc.cir^ICE^1.0.0</ns2:cdsVersion>
    <ns2:doseInterval>
        <ns2:fromDoseNumber>1</ns2:fromDoseNumber>
        <ns2:toDoseNumber>2</ns2:toDoseNumber>
        <ns2:absoluteMinimumInterval>21d</ns2:absoluteMinimumInterval>
        <ns2:minimumInterval>28d</ns2:minimumInterval>
        <ns2:earliestRecommendedInterval>28d</ns2:earliestRecommendedInterval>
    </ns2:doseInterval>
    <ns2:numberOfDosesInSeries>2</ns2:numberOfDosesInSeries>
    <ns2:vaccineGroup code="890" codeSystem="2.16.840.1.113883.3.795.12.100.1" codeSystemName="ICE Vaccine Group" displayName="H1N1 Influenza"/>
    <ns2:iceSeriesDose>
        <ns2:doseNumber>1</ns2:doseNumber>
        <ns2:absoluteMinimumAge>6m-4d</ns2:absoluteMinimumAge>
        <ns2:minimumAge>6m</ns2:minimumAge>
        <ns2:earliestRecommendedAge>6m</ns2:earliestRecommendedAge>
        <ns2:doseVaccine>
            <ns2:preferred>true</ns2:preferred>
            <ns2:vaccine code="128" codeSystem="2.16.840.1.113883.12.292" codeSystemName="CVX" displayName="H1N1-09 NOS"/>
        </ns2:doseVaccine>
        <ns2:doseVaccine>
            <ns2:preferred>true</ns2:preferred>
            <ns2:vaccine code="126" codeSystem="2.16.840.1.113883.12.292" codeSystemName="CVX" displayName="H1N1-09, preservative-free"/>
        </ns2:doseVaccine>
        <ns2:doseVaccine>
            <ns2:preferred>true</ns2:preferred>
            <ns2:vaccine code="125" codeSystem="2.16.840.1.113883.12.292" codeSystemName="CVX" displayName="H1N1-09, nasal"/>
        </ns2:doseVaccine>
        <ns2:doseVaccine>
            <ns2:preferred>true</ns2:preferred>
            <ns2:vaccine code="127" codeSystem="2.16.840.1.113883.12.292" codeSystemName="CVX" displayName="H1N1-09, injectable"/>
        </ns2:doseVaccine>
    </ns2:iceSeriesDose>
    <ns2:iceSeriesDose>
        <ns2:doseNumber>2</ns2:doseNumber>
        <ns2:doseVaccine>
            <ns2:preferred>true</ns2:preferred>
            <ns2:vaccine code="128" codeSystem="2.16.840.1.113883.12.292" codeSystemName="CVX" displayName="H1N1-09 NOS"/>
        </ns2:doseVaccine>
        <ns2:doseVaccine>
            <ns2:preferred>true</ns2:preferred>
            <ns2:vaccine code="126" codeSystem="2.16.840.1.113883.12.292" codeSystemName="CVX" displayName="H1N1-09, preservative-free"/>
        </ns2:doseVaccine>
        <ns2:doseVaccine>
            <ns2:preferred>true</ns2:preferred>
            <ns2:vaccine code="125" codeSystem="2.16.840.1.113883.12.292" codeSystemName="CVX" displayName="H1N1-09, nasal"/>
        </ns2:doseVaccine>
        <ns2:doseVaccine>
            <ns2:preferred>true</ns2:preferred>
            <ns2:vaccine code="127" codeSystem="2.16.840.1.113883.12.292" codeSystemName="CVX" displayName="H1N1-09, injectable"/>
        </ns2:doseVaccine>
    </ns2:iceSeriesDose>
    <ns2:seasonCode>2009H1N1Season</ns2:seasonCode>
</ns2:iceSeriesSpecificationFile>
