<?xml version="1.0" encoding="UTF-8" standalone="yes"?>
<ns2:iceSeriesSpecificationFile xmlns:ns2="org.cdsframework.util.support.data.ice.series">
    <ns2:seriesId>33e232eb34adb3df7a8916dfcb2b1f2f</ns2:seriesId>
    <ns2:name>HepA 2-Dose Child/Adult Series</ns2:name>
    <ns2:code>HepA2DoseChildAdultSeries</ns2:code>
    <ns2:cdsVersion>gov.nyc.cir^ICE^1.0.0</ns2:cdsVersion>
    <ns2:doseInterval>
        <ns2:fromDoseNumber>1</ns2:fromDoseNumber>
        <ns2:toDoseNumber>2</ns2:toDoseNumber>
        <ns2:absoluteMinimumInterval>6m-4d</ns2:absoluteMinimumInterval>
        <ns2:minimumInterval>6m</ns2:minimumInterval>
        <ns2:earliestRecommendedInterval>6m</ns2:earliestRecommendedInterval>
        <ns2:latestRecommendedInterval>19m+4w</ns2:latestRecommendedInterval>
    </ns2:doseInterval>
    <ns2:numberOfDosesInSeries>2</ns2:numberOfDosesInSeries>
    <ns2:vaccineGroup code="810" codeSystem="2.16.840.1.113883.3.795.12.100.1" codeSystemName="ICE Vaccine Group" displayName="HepA"/>
    <ns2:iceSeriesDose>
        <ns2:doseNumber>1</ns2:doseNumber>
        <ns2:absoluteMinimumAge>1y-4d</ns2:absoluteMinimumAge>
        <ns2:minimumAge>1y</ns2:minimumAge>
        <ns2:earliestRecommendedAge>1y</ns2:earliestRecommendedAge>
        <ns2:latestRecommendedAge>24m+4w</ns2:latestRecommendedAge>
        <ns2:doseVaccine>
            <ns2:preferred>true</ns2:preferred>
            <ns2:vaccine code="31" codeSystem="2.16.840.1.113883.12.292" codeSystemName="CVX" displayName="Hep A, pediatric, NOS"/>
        </ns2:doseVaccine>
        <ns2:doseVaccine>
            <ns2:preferred>true</ns2:preferred>
            <ns2:vaccine code="52" codeSystem="2.16.840.1.113883.12.292" codeSystemName="CVX" displayName="Hep A, adult"/>
        </ns2:doseVaccine>
        <ns2:doseVaccine>
            <ns2:preferred>true</ns2:preferred>
            <ns2:vaccine code="83" codeSystem="2.16.840.1.113883.12.292" codeSystemName="CVX" displayName="Hep A, ped/adol, 2-dose"/>
        </ns2:doseVaccine>
        <ns2:doseVaccine>
            <ns2:preferred>true</ns2:preferred>
            <ns2:vaccine code="84" codeSystem="2.16.840.1.113883.12.292" codeSystemName="CVX" displayName="Hep A, ped/adol, 3-dose"/>
        </ns2:doseVaccine>
        <ns2:doseVaccine>
            <ns2:preferred>true</ns2:preferred>
            <ns2:vaccine code="85" codeSystem="2.16.840.1.113883.12.292" codeSystemName="CVX" displayName="Hep A NOS"/>
        </ns2:doseVaccine>
    </ns2:iceSeriesDose>
    <ns2:iceSeriesDose>
        <ns2:doseNumber>2</ns2:doseNumber>
        <ns2:absoluteMinimumAge>18m-4d</ns2:absoluteMinimumAge>
        <ns2:minimumAge>18m</ns2:minimumAge>
        <ns2:earliestRecommendedAge>18m</ns2:earliestRecommendedAge>
        <ns2:latestRecommendedAge>24m+4w</ns2:latestRecommendedAge>
        <ns2:doseVaccine>
            <ns2:preferred>true</ns2:preferred>
            <ns2:vaccine code="31" codeSystem="2.16.840.1.113883.12.292" codeSystemName="CVX" displayName="Hep A, pediatric, NOS"/>
        </ns2:doseVaccine>
        <ns2:doseVaccine>
            <ns2:preferred>true</ns2:preferred>
            <ns2:vaccine code="52" codeSystem="2.16.840.1.113883.12.292" codeSystemName="CVX" displayName="Hep A, adult"/>
        </ns2:doseVaccine>
        <ns2:doseVaccine>
            <ns2:preferred>true</ns2:preferred>
            <ns2:vaccine code="83" codeSystem="2.16.840.1.113883.12.292" codeSystemName="CVX" displayName="Hep A, ped/adol, 2-dose"/>
        </ns2:doseVaccine>
        <ns2:doseVaccine>
            <ns2:preferred>true</ns2:preferred>
            <ns2:vaccine code="84" codeSystem="2.16.840.1.113883.12.292" codeSystemName="CVX" displayName="Hep A, ped/adol, 3-dose"/>
        </ns2:doseVaccine>
        <ns2:doseVaccine>
            <ns2:preferred>true</ns2:preferred>
            <ns2:vaccine code="85" codeSystem="2.16.840.1.113883.12.292" codeSystemName="CVX" displayName="Hep A NOS"/>
        </ns2:doseVaccine>
    </ns2:iceSeriesDose>
</ns2:iceSeriesSpecificationFile>
