<?xml version="1.0" encoding="UTF-8" standalone="yes"?>
<ns2:iceSeriesSpecificationFile xmlns:ns2="org.cdsframework.util.support.data.ice.series">
    <ns2:seriesId>1f208076e4574c68ae2617a1402594c1</ns2:seriesId>
    <ns2:name>HepA Twinrix Accelerated Series</ns2:name>
    <ns2:code>HepATwinrixAcceleratedSeries</ns2:code>
    <ns2:cdsVersion>gov.nyc.cir^ICE^1.0.0</ns2:cdsVersion>
    <ns2:doseInterval>
        <ns2:fromDoseNumber>1</ns2:fromDoseNumber>
        <ns2:toDoseNumber>2</ns2:toDoseNumber>
        <ns2:absoluteMinimumInterval>7d</ns2:absoluteMinimumInterval>
        <ns2:minimumInterval>7d</ns2:minimumInterval>
        <ns2:earliestRecommendedInterval>7d</ns2:earliestRecommendedInterval>
        <ns2:latestRecommendedInterval>1m</ns2:latestRecommendedInterval>
    </ns2:doseInterval>
    <ns2:doseInterval>
        <ns2:fromDoseNumber>2</ns2:fromDoseNumber>
        <ns2:toDoseNumber>3</ns2:toDoseNumber>
        <ns2:absoluteMinimumInterval>17d</ns2:absoluteMinimumInterval>
        <ns2:minimumInterval>3w</ns2:minimumInterval>
        <ns2:earliestRecommendedInterval>1m</ns2:earliestRecommendedInterval>
        <ns2:latestRecommendedInterval>12m</ns2:latestRecommendedInterval>
    </ns2:doseInterval>
    <ns2:doseInterval>
        <ns2:fromDoseNumber>3</ns2:fromDoseNumber>
        <ns2:toDoseNumber>4</ns2:toDoseNumber>
        <ns2:absoluteMinimumInterval>12m-4d</ns2:absoluteMinimumInterval>
        <ns2:minimumInterval>12m</ns2:minimumInterval>
        <ns2:earliestRecommendedInterval>12m</ns2:earliestRecommendedInterval>
    </ns2:doseInterval>
    <ns2:numberOfDosesInSeries>4</ns2:numberOfDosesInSeries>
    <ns2:vaccineGroup code="810" codeSystem="2.16.840.1.113883.3.795.12.100.1" codeSystemName="ICE Vaccine Group" displayName="HepA"/>
    <ns2:iceSeriesDose>
        <ns2:doseNumber>1</ns2:doseNumber>
        <ns2:absoluteMinimumAge>18y-4d</ns2:absoluteMinimumAge>
        <ns2:minimumAge>18y</ns2:minimumAge>
        <ns2:doseVaccine>
            <ns2:preferred>true</ns2:preferred>
            <ns2:vaccine code="104" codeSystem="2.16.840.1.113883.12.292" codeSystemName="CVX" displayName="Hep A-Hep B"/>
        </ns2:doseVaccine>
    </ns2:iceSeriesDose>
    <ns2:iceSeriesDose>
        <ns2:doseNumber>2</ns2:doseNumber>
        <ns2:doseVaccine>
            <ns2:preferred>true</ns2:preferred>
            <ns2:vaccine code="104" codeSystem="2.16.840.1.113883.12.292" codeSystemName="CVX" displayName="Hep A-Hep B"/>
        </ns2:doseVaccine>
    </ns2:iceSeriesDose>
    <ns2:iceSeriesDose>
        <ns2:doseNumber>3</ns2:doseNumber>
        <ns2:doseVaccine>
            <ns2:preferred>true</ns2:preferred>
            <ns2:vaccine code="104" codeSystem="2.16.840.1.113883.12.292" codeSystemName="CVX" displayName="Hep A-Hep B"/>
        </ns2:doseVaccine>
    </ns2:iceSeriesDose>
    <ns2:iceSeriesDose>
        <ns2:doseNumber>4</ns2:doseNumber>
        <ns2:doseVaccine>
            <ns2:preferred>true</ns2:preferred>
            <ns2:vaccine code="104" codeSystem="2.16.840.1.113883.12.292" codeSystemName="CVX" displayName="Hep A-Hep B"/>
        </ns2:doseVaccine>
    </ns2:iceSeriesDose>
</ns2:iceSeriesSpecificationFile>
