<?xml version="1.0" encoding="UTF-8" standalone="yes"?>
<!-- HepB Adult Series -->
<ns2:iceSeriesSpecificationFile xmlns:ns2="org.cdsframework.util.support.data.ice.series">
    <ns2:seriesId>927f115e9666b464785e27371969096f</ns2:seriesId>
    <ns2:name>HepB Adult 2-Dose Series</ns2:name>
    <ns2:code>HepBAdult2DoseSeries</ns2:code>
    <ns2:cdsVersion>gov.nyc.cir^ICE^1.0.0</ns2:cdsVersion>
    <ns2:doseInterval>
        <ns2:fromDoseNumber>1</ns2:fromDoseNumber>
        <ns2:toDoseNumber>2</ns2:toDoseNumber>
        <ns2:absoluteMinimumInterval>24d</ns2:absoluteMinimumInterval>
        <ns2:minimumInterval>28d</ns2:minimumInterval>
        <ns2:earliestRecommendedInterval>28d</ns2:earliestRecommendedInterval>
        <ns2:latestRecommendedInterval>56d</ns2:latestRecommendedInterval>
    </ns2:doseInterval>
    <ns2:numberOfDosesInSeries>2</ns2:numberOfDosesInSeries>
    <ns2:vaccineGroup code="100" codeSystem="2.16.840.1.113883.3.795.12.100.1" codeSystemName="ICE Vaccine Group" displayName="HepB"/>
    <ns2:iceSeriesDose>
        <ns2:doseNumber>1</ns2:doseNumber>
        <ns2:absoluteMinimumAge>18y-4d</ns2:absoluteMinimumAge>
        <ns2:minimumAge>18y</ns2:minimumAge>
        <ns2:earliestRecommendedAge>18y</ns2:earliestRecommendedAge>
        <ns2:latestRecommendedAge>18y</ns2:latestRecommendedAge>
        <ns2:doseVaccine>
        	<ns2:preferred>true</ns2:preferred>
            <ns2:vaccine code="189" codeSystem="2.16.840.1.113883.12.292" codeSystemName="CVX" displayName="Hep B, adjuvanted"/>
        </ns2:doseVaccine>
    </ns2:iceSeriesDose>
    <ns2:iceSeriesDose>
        <ns2:doseNumber>2</ns2:doseNumber>
        <ns2:doseVaccine>
        	<ns2:preferred>true</ns2:preferred>
            <ns2:vaccine code="189" codeSystem="2.16.840.1.113883.12.292" codeSystemName="CVX" displayName="Hep B, adjuvanted"/>
        </ns2:doseVaccine>
    </ns2:iceSeriesDose>
</ns2:iceSeriesSpecificationFile>
