<?xml version="1.0" encoding="UTF-8" standalone="yes"?>
<ns2:iceVaccineGroupSpecificationFile xmlns:ns2="org.cdsframework.util.support.data.ice.vaccinegroup">
    <vaccineGroup code="890" codeSystem="2.16.840.1.113883.3.795.12.100.1" codeSystemName="ICE Vaccine Group" displayName="H1N1 Influenza"/>
    <cdsVersion>gov.nyc.cir^ICE^1.0.0</cdsVersion>
    <ns2:priority>10</ns2:priority>
    <diseaseImmunity code="488.1" codeSystem="2.16.840.1.113883.6.103" codeSystemName="ICE Disease" displayName="H1N1 Influenza"/>
    <openCdsMembership code="VACCINE_GROUP_CONCEPT_H1N1" displayName="Immunization Evaluation (H1N1 Vaccine Group)"/>
    <primaryOpenCdsConcept code="VACCINE_GROUP_CONCEPT_H1N1" displayName="Immunization Evaluation (H1N1 Vaccine Group)"/>
</ns2:iceVaccineGroupSpecificationFile>
