<?xml version="1.0" encoding="UTF-8" standalone="yes"?>
<ns2:iceSeasonSpecificationFile xmlns:ns2="org.cdsframework.util.support.data.ice.season">
    <ns2:seasonId>c4d76f680df94abf9a0b82fd3451fe3c</ns2:seasonId>
    <ns2:name>Default RSV Season</ns2:name>
    <ns2:code>DefaultRSVSeason</ns2:code>
    <ns2:defaultSeason>true</ns2:defaultSeason>
    <ns2:defaultStartMonthAndDay>10-01</ns2:defaultStartMonthAndDay>
    <ns2:defaultStopMonthAndDay>03-31</ns2:defaultStopMonthAndDay>
    <ns2:vaccineGroup code="905" codeSystem="2.16.840.1.113883.3.795.12.100.1" codeSystemName="ICE Vaccine Group" displayName="RSV"/>
    <ns2:cdsVersion>gov.nyc.cir^ICE^1.0.0</ns2:cdsVersion>
</ns2:iceSeasonSpecificationFile>
