<?xml version="1.0" encoding="UTF-8" standalone="yes"?>
<ns2:executionEngines xmlns:ns2="org.opencds.dss.config_rest.v1_0"
	xmlns:ns3="org.opencds.dss.config.v1_0">
	<executionEngine>
		<identifier>org.opencds.service.drools.v55.DroolsAdapter</identifier>
		<description>Execution Engine org.opencds.service.drools.v55.DroolsAdapter</description>
		<timestamp>2015-01-09T15:51:29.417-05:00</timestamp>
		<userId>daryl</userId>
		<supportedOperation>EVALUATION.EVALUATE</supportedOperation>
		<supportedOperation>EVALUATION.EVALUATE_AT_SPECIFIED_TIME</supportedOperation>
	</executionEngine>
	<executionEngine>
		<identifier>org.cdsframework.ice.service.configurations.ICEDecisionEngineDSS7EvaluationAdapter</identifier>
		<description>Execution Engine org.cdsframework.ice.service.configurations.ICEDecisionEngineDSS7EvaluationAdapter</description>
		<timestamp>2015-01-09T15:51:29.418-05:00</timestamp>
		<userId>daryl</userId>
		<supportedOperation>EVALUATION.EVALUATE</supportedOperation>
		<supportedOperation>EVALUATION.EVALUATE_AT_SPECIFIED_TIME</supportedOperation>
	</executionEngine>
</ns2:executionEngines>