<?xml version="1.0" encoding="UTF-8" standalone="yes"?>
<ns2:knowledgeModules xmlns:ns2="org.opencds.dss.config_rest.v1_0"
	xmlns:ns3="org.opencds.dss.config.v1_0">
	<knowledgeModule>
		<identifier scopingEntityId="org.nyc.cir" businessId="ICE" version="1.0.0" />
		<status>APPROVED</status>
		<executionEngine>org.cdsframework.ice.service.configurations.ICEDecisionEngineDSS7EvaluationAdapter</executionEngine>
		<semanticSignifierId scopingEntityId="org.opencds.vmr" businessId="VMR" version="1.0" />
		<conceptDeterminationMethods />
		<package>
			<packageType></packageType>
			<packageId></packageId>
			<preload>true</preload>
		</package>
		<primaryProcess>PrimaryProcess</primaryProcess>
		<preProcessPlugins>
            <preProcessPlugin version="0.1" businessId="ICESupportingDataLoader" scopingEntityId="org.cdsframework.ice"/>
        </preProcessPlugins>
		<timestamp>2015-01-09T15:51:29.433-05:00</timestamp>
		<userId>daryl</userId>
	</knowledgeModule>
	<knowledgeModule>
		<identifier scopingEntityId="org.dhha" businessId="ICE" version="20151203" />
		<status>APPROVED</status>
		<executionEngine>org.cdsframework.ice.service.configurations.ICEDecisionEngineDSS7EvaluationAdapter</executionEngine>
		<semanticSignifierId scopingEntityId="org.opencds.vmr" businessId="VMR" version="1.0" />
		<conceptDeterminationMethods />
		<package>
			<packageType></packageType>
			<packageId></packageId>
			<preload>false</preload>
		</package>
		<primaryProcess>PrimaryProcess</primaryProcess>
		<preProcessPlugins>
            <preProcessPlugin version="0.1" businessId="ICESupportingDataLoader" scopingEntityId="org.cdsframework.ice"/>
        </preProcessPlugins>
		<timestamp>2017-06-20T16:02:00.000-05:00</timestamp>
		<userId>daryl</userId>
	</knowledgeModule>
	<knowledgeModule>
		<identifier scopingEntityId="org.opencds" businessId="bounce" version="1.5.5" />
		<status>APPROVED</status>
		<executionEngine>org.opencds.service.drools.v55.DroolsAdapter</executionEngine>
		<semanticSignifierId scopingEntityId="org.opencds.vmr" businessId="VMR" version="1.0" />
		<conceptDeterminationMethods />
		<package>
			<packageType>DRL</packageType>
			<packageId>org.opencds^bounce^1.5.5.drl</packageId>
			<preload>false</preload>
		</package>
		<primaryProcess></primaryProcess>
		<timestamp>2015-01-09T15:51:29.443-05:00</timestamp>
		<userId>daryl</userId>
	</knowledgeModule>
	<knowledgeModule>
		<identifier scopingEntityId="org.opencds" businessId="bounceConcepts" version="1.5.4" />
		<status>APPROVED</status>
		<executionEngine>org.opencds.service.drools.v55.DroolsAdapter</executionEngine>
		<semanticSignifierId scopingEntityId="org.opencds.vmr" businessId="VMR" version="1.0" />
		<conceptDeterminationMethods />
		<package>
			<packageType>DRL</packageType>
			<packageId>org.opencds^bounceConcepts^1.5.4.drl</packageId>
			<preload>false</preload>
		</package>
		<primaryProcess></primaryProcess>
		<timestamp>2015-01-09T15:51:29.443-05:00</timestamp>
		<userId>daryl</userId>
	</knowledgeModule>
</ns2:knowledgeModules>