<?xml version="1.0" encoding="UTF-8" standalone="yes"?>
<ns2:iceVaccineSpecificationFile xmlns:ns2="org.cdsframework.util.support.data.ice.vaccine">
    <vaccine code="103" codeSystem="2.16.840.1.113883.12.292" codeSystemName="CVX" displayName="meningococcal C conjugate"/>
    <cdsVersion>gov.nyc.cir^ICE^1.0.0</cdsVersion>
    <ns2:liveVirusVaccine>false</ns2:liveVirusVaccine>
    <ns2:vaccineActive>true</ns2:vaccineActive>
    <ns2:manufacturerCode/>
    <vaccineComponent code="103" codeSystem="2.16.840.1.113883.12.292" codeSystemName="CVX" displayName="meningococcal C conjugate"/>
    <diseaseImmunity code="036.9" codeSystem="2.16.840.1.113883.6.103" codeSystemName="ICD9CM Diagnosis" displayName="Meningococcal"/>
    <primaryOpenCdsConcept code="ICE103"/>
</ns2:iceVaccineSpecificationFile>
