<?xml version="1.0" encoding="UTF-8" standalone="yes"?>
<ns2:iceVaccineSpecificationFile xmlns:ns2="org.cdsframework.util.support.data.ice.vaccine">
    <vaccine code="104" codeSystem="2.16.840.1.113883.12.292" codeSystemName="CVX" displayName="Hep A-Hep B"/>
    <cdsVersion>gov.nyc.cir^ICE^1.0.0</cdsVersion>
    <ns2:liveVirusVaccine>false</ns2:liveVirusVaccine>
    <ns2:vaccineActive>true</ns2:vaccineActive>
    <ns2:tradeName>TWINRIX</ns2:tradeName>
    <ns2:manufacturerCode/>
    <ns2:validMinimumAgeForUse>18y-4d</ns2:validMinimumAgeForUse>
    <vaccineComponent code="83" codeSystem="2.16.840.1.113883.12.292" codeSystemName="CVX" displayName="Hep A, ped/adol, 3-dose"/>
    <vaccineComponent code="43" codeSystem="2.16.840.1.113883.12.292" codeSystemName="CVX" displayName="Hep B, adult"/>
    <diseaseImmunity code="070.1" codeSystem="2.16.840.1.113883.6.103" codeSystemName="ICD9CM Diagnosis" displayName="Hepatitis A"/>
    <diseaseImmunity code="070.30" codeSystem="2.16.840.1.113883.6.103" codeSystemName="ICD9CM Diagnosis" displayName="Hepatitis B"/>
    <openCdsMembership code="ICE83" displayName="HepA peds/adol 2 dose"/>
    <openCdsMembership code="ICE08" displayName="HepB peds &lt;20yrs"/>
    <openCdsMembership code="ICE104" displayName="HepA-HepB (Twinrix)"/>
    <primaryOpenCdsConcept code="ICE104"/>
</ns2:iceVaccineSpecificationFile>
