<?xml version="1.0" encoding="UTF-8" standalone="yes"?>
<ns2:iceVaccineSpecificationFile xmlns:ns2="org.cdsframework.util.support.data.ice.vaccine">
    <vaccine code="125" codeSystem="2.16.840.1.113883.12.292" codeSystemName="CVX" displayName="H1N1-09, nasal"/>
    <cdsVersion>gov.nyc.cir^ICE^1.0.0</cdsVersion>
    <ns2:liveVirusVaccine>true</ns2:liveVirusVaccine>
    <ns2:vaccineActive>true</ns2:vaccineActive>
    <ns2:manufacturerCode/>
    <vaccineComponent code="125" codeSystem="2.16.840.1.113883.12.292" codeSystemName="CVX" displayName="H1N1-09, nasal"/>
    <diseaseImmunity code="488.1" codeSystem="2.16.840.1.113883.6.103" codeSystemName="ICD9CM Diagnosis" displayName="H1N1 Influenza"/>
    <primaryOpenCdsConcept code="ICE125"/>
</ns2:iceVaccineSpecificationFile>
