<?xml version="1.0" encoding="UTF-8" standalone="yes"?>
<ns2:iceVaccineSpecificationFile xmlns:ns2="org.cdsframework.util.support.data.ice.vaccine">
    <vaccine code="189" codeSystem="2.16.840.1.113883.12.292" codeSystemName="CVX" displayName="Hep B, adjuvanted"/>
    <cdsVersion>gov.nyc.cir^ICE^1.0.0</cdsVersion>
    <ns2:liveVirusVaccine>false</ns2:liveVirusVaccine>
    <ns2:unspecifiedFormulation>false</ns2:unspecifiedFormulation>
    <ns2:selectAdjuvantProduct>true</ns2:selectAdjuvantProduct>
    <ns2:vaccineActive>true</ns2:vaccineActive>
    <ns2:manufacturerCode/>
    <ns2:validMinimumAgeForUse>18y-4d</ns2:validMinimumAgeForUse>
    <vaccineComponent code="189" codeSystem="2.16.840.1.113883.12.292" codeSystemName="CVX" displayName="Hep B, adjuvanted"/>
    <diseaseImmunity code="070.30" codeSystem="2.16.840.1.113883.6.103" codeSystemName="ICD9CM Diagnosis" displayName="Hepatitis B"/>
    <openCdsMembership code="ICE189" displayName="Hep B, adjuvanted"/>
    <primaryOpenCdsConcept code="ICE189"/>
</ns2:iceVaccineSpecificationFile>