<?xml version="1.0" encoding="UTF-8" standalone="yes"?>
<ns2:iceVaccineSpecificationFile xmlns:ns2="org.cdsframework.util.support.data.ice.vaccine">
    <vaccine code="313" codeSystem="2.16.840.1.113883.12.292" codeSystemName="CVX" displayName="Novavax COVID-19 Vaccine, Adjuvanted"/>
    <cdsVersion>gov.nyc.cir^ICE^1.0.0</cdsVersion>
    <ns2:liveVirusVaccine>false</ns2:liveVirusVaccine>
    <ns2:vaccineActive>true</ns2:vaccineActive>
    <ns2:manufacturerCode/>
    <ns2:validMinimumAgeForUse>5y-4d</ns2:validMinimumAgeForUse>
    <vaccineComponent code="313" codeSystem="2.16.840.1.113883.12.292" codeSystemName="CVX" displayName="Novavax COVID-19 Vaccine, Adjuvanted"/>
    <diseaseImmunity code="079.89" codeSystem="2.16.840.1.113883.6.103" codeSystemName="ICD9CM Diagnosis" displayName="Coronavirus (unspecified)"/>
    <primaryOpenCdsConcept code="ICE313"/>
</ns2:iceVaccineSpecificationFile>