<?xml version="1.0" encoding="UTF-8" standalone="yes"?>
<ns2:iceVaccineSpecificationFile xmlns:ns2="org.cdsframework.util.support.data.ice.vaccine">
    <vaccine code="521" codeSystem="2.16.840.1.113883.12.292" codeSystemName="CVX" displayName="COVID-19 SP, protein-based, adjuvanted (VidPrevtyn Beta), Sanofi-GSK"/>
    <cdsVersion>gov.nyc.cir^ICE^1.0.0</cdsVersion>
    <ns2:liveVirusVaccine>false</ns2:liveVirusVaccine>
    <ns2:selectAdjuvantProduct>true</ns2:selectAdjuvantProduct>
    <ns2:vaccineActive>true</ns2:vaccineActive>
    <ns2:manufacturerCode/>
    <vaccineComponent code="521" codeSystem="2.16.840.1.113883.12.292" codeSystemName="CVX" displayName="COVID-19 SP, protein-based, adjuvanted (VidPrevtyn Beta), Sanofi-GSK"/>
    <diseaseImmunity code="079.89" codeSystem="2.16.840.1.113883.6.103" codeSystemName="ICD9CM Diagnosis" displayName="Coronavirus (unspecified)"/>
    <primaryOpenCdsConcept code="ICE521"/>
</ns2:iceVaccineSpecificationFile>
