<?xml version="1.0" encoding="UTF-8" standalone="yes"?>
<ns2:iceVaccineSpecificationFile xmlns:ns2="org.cdsframework.util.support.data.ice.vaccine">
    <vaccine code="93" codeSystem="2.16.840.1.113883.12.292" codeSystemName="CVX" displayName="RSV monoclonal antibody (palivizumab)"/>
    <cdsVersion>gov.nyc.cir^ICE^1.0.0</cdsVersion>
    <ns2:liveVirusVaccine>false</ns2:liveVirusVaccine>
    <ns2:vaccineActive>true</ns2:vaccineActive>
    <ns2:tradeName>Synagis</ns2:tradeName>
    <ns2:manufacturerCode/>
    <vaccineComponent code="93" codeSystem="2.16.840.1.113883.12.292" codeSystemName="CVX" displayName="RSV monoclonal antibody (palivizumab)"/>
    <diseaseImmunity code="079.6" codeSystem="2.16.840.1.113883.6.103" codeSystemName="ICD9CM Diagnosis" displayName="Respiratory syncytial virus"/>
    <openCdsMembership code="ICE93" displayName="RSV-MAb"/>
    <primaryOpenCdsConcept code="ICE93"/>
</ns2:iceVaccineSpecificationFile>
